﻿{
  "configurations": [
    {
      "name": "x64-Debug",
      "generator": "Ninja",
      "configurationType": "Debug",
      "buildRoot": "${workspaceRoot}\\build\\${name}",
      "installRoot": "${workspaceRoot}\\build\\${name}",
      "cmakeCommandArgs": "--no-warn-unused-cli",
      "buildCommandArgs": "-v",
      "ctestCommandArgs": "",
      "inheritEnvironments": [ "msvc_x64_x64" ],
      "variables": []
    },
    {
      "name": "x64-Release",
      "generator": "Ninja",
      "configurationType": "Release",
      "buildRoot": "${workspaceRoot}\\build\\${name}",
      "installRoot": "${workspaceRoot}\\build\\${name}",
      "cmakeCommandArgs": "--no-warn-unused-cli",
      "buildCommandArgs": "-v",
      "ctestCommandArgs": "",
      "inheritEnvironments": [ "msvc_x64_x64" ],
      "variables": []
    },
    {
      "name": "x64-Clang-Debug",
      "generator": "Ninja",
      "configurationType": "Debug",
      "buildRoot": "${workspaceRoot}\\build\\${name}",
      "installRoot": "${workspaceRoot}\\build\\${name}",
      "cmakeCommandArgs": "",
      "buildCommandArgs": "-v",
      "ctestCommandArgs": "",
      "inheritEnvironments": [ "clang_cl_x64" ],
      "variables": [
        {
          "name": "CMAKE_C_COMPILER",
          "value": "C:/Program Files (x86)/Microsoft Visual Studio/2019/Community/VC/Tools/Llvm/bin/clang-cl.exe",
          "type": "FILEPATH"
        },
        {
          "name": "CMAKE_CXX_COMPILER",
          "value": "C:/Program Files (x86)/Microsoft Visual Studio/2019/Community/VC/Tools/Llvm/bin/clang-cl.exe",
          "type": "FILEPATH"
        }
      ]
    },
    {
      "name": "x64-Clang-Release",
      "generator": "Ninja",
      "configurationType": "Release",
      "buildRoot": "${workspaceRoot}\\build\\${name}",
      "installRoot": "${workspaceRoot}\\build\\${name}",
      "cmakeCommandArgs": "",
      "buildCommandArgs": "-v",
      "ctestCommandArgs": "",
      "inheritEnvironments": [ "clang_cl_x64" ],
      "variables": [
	    {
          "name": "CMAKE_C_COMPILER",
          "value": "C:/Program Files (x86)/Microsoft Visual Studio/2019/Community/VC/Tools/Llvm/bin/clang-cl.exe",
          "type": "FILEPATH"
        },
        {
          "name": "CMAKE_CXX_COMPILER",
          "value": "C:/Program Files (x86)/Microsoft Visual Studio/2019/Community/VC/Tools/Llvm/bin/clang-cl.exe",
          "type": "FILEPATH"
        }
	  ]
    }
  ]
}